id;answer;relation_id;item_source_id;item_target_id
1;null;1;2080;1067
2;null;1;2080;1069
3;null;1;2080;1070
4;null;1;2080;1071
5;null;1;2080;1073
6;null;1;2080;2433
7;null;1;2080;2417
8;null;1;2080;2434
9;null;1;2080;2532
10;null;1;2080;2531
11;null;1;2080;2530
12;null;1;2080;2528
13;null;1;2080;2527
14;null;1;2080;2526
15;null;1;2080;2525
16;null;1;2080;2524
17;null;1;2080;2517
18;null;1;2080;2516
19;null;1;2080;2515
20;null;1;2080;2514
21;null;1;2080;2513
22;null;1;2080;2512
23;null;1;2080;2511
24;null;1;2080;2510
25;null;1;2080;2509
26;null;1;2080;2508
27;null;1;2080;2507
28;null;1;2080;2506
29;null;1;2080;2505
30;null;1;2080;2504
31;null;1;2080;2503
32;null;1;2080;1065
33;null;1;2080;1066
34;null;1;2081;1065
35;null;1;2081;1067
36;null;1;2081;1091
37;null;1;2081;2304
38;null;1;2081;2434
39;null;1;2081;2417
40;null;1;2081;2529
41;null;1;2081;2530
42;null;1;2081;2503
43;null;1;2081;2504
44;null;1;2081;2505
45;null;1;2081;2524
46;null;1;2081;2525
47;null;1;2081;2526
48;null;1;2081;2527
49;null;1;2081;2528
50;null;1;2081;2531
51;null;1;2081;2433
52;null;1;2081;2303
53;null;1;2081;2532
54;null;1;2082;2532
55;null;1;2082;2510
56;null;1;2082;2433
57;null;1;2082;2417
58;null;1;2082;2511
59;null;1;2082;2434
60;null;1;2082;1071
61;null;1;2082;2503
62;null;1;2082;2504
63;null;1;2082;2505
64;null;1;2082;2506
65;null;1;2082;2512
66;null;1;2082;2507
67;null;1;2082;2508
68;null;1;2082;2509
69;null;1;2082;2513
70;null;1;2082;2514
71;null;1;2082;2524
72;null;1;2082;2525
73;null;1;2082;1070
74;null;1;2082;1069
75;null;1;2082;1067
76;null;1;2082;1066
77;null;1;2082;1065
78;null;1;2082;1073
79;null;1;2082;2526
80;null;1;2082;2527
81;null;1;2082;2528
82;null;1;2082;2529
83;null;1;2082;2530
84;null;1;2082;2531
85;null;1;2083;2526
86;null;1;2083;2524
87;null;1;2083;2518
88;null;1;2083;2520
89;null;1;2083;2519
90;null;1;2083;2517
91;null;1;2083;2516
92;null;1;2083;2515
93;null;1;2083;2514
94;null;1;2083;2513
95;null;1;2083;2512
96;null;1;2083;2511
97;null;1;2083;2510
98;null;1;2083;2509
99;null;1;2083;1073
100;null;1;2083;2434
101;null;1;2083;1071
102;null;1;2083;1070
103;null;1;2083;1069
104;null;1;2083;1067
105;null;1;2083;1066
106;null;1;2083;2417
107;null;1;2083;2433
108;null;1;2083;1065
109;null;1;2083;2503
110;null;1;2083;2504
111;null;1;2083;2505
112;null;1;2083;2506
113;null;1;2083;2507
114;null;1;2083;2532
115;null;1;2083;2531
116;null;1;2083;2530
117;null;1;2083;2508
118;null;1;2083;2529
119;null;1;2083;2528
120;null;1;2083;2527
121;null;1;2083;2525
122;null;1;2117;1065
123;null;1;2117;1067
124;null;1;2117;1069
125;null;1;2117;1073
126;null;1;2117;2434
127;null;1;2117;2532
128;null;1;2117;2531
129;null;1;2117;2530
130;null;1;2117;2517
131;null;1;2117;2516
132;null;1;2117;2515
133;null;1;2117;2505
134;null;1;2117;2504
135;null;1;2117;2503
136;null;1;2117;2514
137;null;1;2117;2513
138;null;1;2117;2512
139;null;1;2117;1066
140;null;1;2118;1069
141;null;1;2118;1067
142;null;1;2118;1066
143;null;1;2118;1065
144;null;1;2118;1074
145;null;1;2118;1073
146;null;1;2118;1071
147;null;1;2118;1072
148;null;1;2118;2417
149;null;1;2118;2434
150;null;1;2119;2434
151;null;1;2119;2503
152;null;1;2119;2504
153;null;1;2119;2512
154;null;1;2119;1065
155;null;1;2119;1066
156;null;1;2119;1067
157;null;1;2119;1069
158;null;1;2119;2505
159;null;1;2119;2513
160;null;1;2119;2514
161;null;1;2119;1073
162;null;1;2119;2532
163;null;1;2119;2531
164;null;1;2119;2530
165;null;1;2119;2517
166;null;1;2119;2516
167;null;1;2119;2515
168;null;1;2120;1067
169;null;1;2120;2505
170;null;1;2120;2512
171;null;1;2120;2514
172;null;1;2120;2513
173;null;1;2120;2515
174;null;1;2120;2516
175;null;1;2120;2517
176;null;1;2120;2530
177;null;1;2120;2531
178;null;1;2120;2532
179;null;1;2120;2434
180;null;1;2120;1069
181;null;1;2120;1073
182;null;1;2120;1065
183;null;1;2120;1066
184;null;1;2120;2503
185;null;1;2120;2504
186;null;1;2123;2513
187;null;1;2123;2514
188;null;1;2123;2515
189;null;1;2123;2516
190;null;1;2123;2434
191;null;1;2123;2512
192;null;1;2123;1066
193;null;1;2123;1065
194;null;1;2123;2505
195;null;1;2123;2517
196;null;1;2123;2504
197;null;1;2123;2532
198;null;1;2123;2531
199;null;1;2123;2530
200;null;1;2123;1069
201;null;1;2123;1074
202;null;1;2123;1073
203;null;1;2123;2503
204;null;1;2123;1067
205;null;1;2124;1073
206;null;1;2124;2514
207;null;1;2124;2515
208;null;1;2124;2516
209;null;1;2124;1067
210;null;1;2124;2517
211;null;1;2124;2530
212;null;1;2124;2531
213;null;1;2124;2532
214;null;1;2124;2434
215;null;1;2124;1069
216;null;1;2124;1065
217;null;1;2124;2513
218;null;1;2124;2503
219;null;1;2124;1066
220;null;1;2124;2504
221;null;1;2124;2505
222;null;1;2124;2512
223;null;1;2125;1069
224;null;1;2125;1073
225;null;1;2125;2434
226;null;1;2125;2304
227;null;1;2125;2303
228;null;1;2125;1065
229;null;1;2125;1066
230;null;1;2125;1067
231;null;1;2127;1073
232;null;1;2127;1065
233;null;1;2127;1066
234;null;1;2127;1067
235;null;1;2127;1069
236;null;1;2127;2303
237;null;1;2127;2304
238;null;1;2127;2434
239;null;1;2128;2303
240;null;1;2128;2434
241;null;1;2128;1067
242;null;1;2128;1065
243;null;1;2128;1066
244;null;1;2128;1069
245;null;1;2128;1073
246;null;1;2128;2304
247;null;1;2131;1065
248;null;1;2131;2434
249;null;1;2131;1066
250;null;1;2131;1067
251;null;1;2131;1069
252;null;1;2131;1073
253;null;1;2131;2304
254;null;1;2131;2303
255;null;1;2132;2434
256;null;1;2132;1065
257;null;1;2132;1066
258;null;1;2132;1067
259;null;1;2132;1069
260;null;1;2132;1073
261;null;1;2132;2303
262;null;1;2132;2304
263;null;1;2133;1067
264;null;1;2133;1069
265;null;1;2133;1073
266;null;1;2133;1074
267;null;1;2133;2304
268;null;1;2133;2434
269;null;1;2133;2303
270;null;1;2133;1066
271;null;1;2133;1065
272;null;1;2134;1067
273;null;1;2134;1089
274;null;1;2134;2434
275;null;1;2134;2303
276;null;1;2134;2304
277;null;1;2134;1065
278;null;1;2134;1066
279;null;1;2134;1069
280;null;1;2134;1073
281;null;1;2134;1074
282;null;1;2135;1073
283;null;1;2135;2434
284;null;1;2135;2304
285;null;1;2135;2303
286;null;1;2135;1065
287;null;1;2135;1066
288;null;1;2135;1067
289;null;1;2135;1069
290;null;1;2135;1074
291;null;1;2136;2304
292;null;1;2136;1065
293;null;1;2136;1066
294;null;1;2136;1067
295;null;1;2136;1069
296;null;1;2136;1073
297;null;1;2136;1074
298;null;1;2136;2434
299;null;1;2136;2303
300;null;1;2137;1065
301;null;1;2137;1067
302;null;1;2137;2434
303;null;1;2137;2304
304;null;1;2137;2303
305;null;1;2137;1073
306;null;1;2137;1069
307;null;1;2137;1066
308;null;1;2138;1066
309;null;1;2138;2434
310;null;1;2138;1065
311;null;1;2138;1067
312;null;1;2138;1069
313;null;1;2138;1073
314;null;1;2138;2303
315;null;1;2138;2304
316;null;1;2139;2304
317;null;1;2139;1065
318;null;1;2139;2434
319;null;1;2139;1073
320;null;1;2139;1066
321;null;1;2139;2303
322;null;1;2139;1069
323;null;1;2139;1067
324;null;1;2140;2434
325;null;1;2140;2303
326;null;1;2140;2304
327;null;1;2140;1073
328;null;1;2140;1069
329;null;1;2140;1067
330;null;1;2140;1066
331;null;1;2140;1065
332;null;1;2141;2303
333;null;1;2141;2434
334;null;1;2141;1065
335;null;1;2141;1066
336;null;1;2141;1067
337;null;1;2141;1069
338;null;1;2141;1073
339;null;1;2141;2304
340;null;1;2142;1066
341;null;1;2142;2303
342;null;1;2142;2304
343;null;1;2142;2434
344;null;1;2142;1067
345;null;1;2142;1069
346;null;1;2142;1073
347;null;1;2142;1065
348;null;1;2143;1065
349;null;1;2143;1067
350;null;1;2143;1069
351;null;1;2143;1073
352;null;1;2143;2304
353;null;1;2143;2434
354;null;1;2143;2303
355;null;1;2143;1066
356;null;1;2144;1069
357;null;1;2144;2434
358;null;1;2144;2304
359;null;1;2144;2303
360;null;1;2144;1065
361;null;1;2144;1066
362;null;1;2144;1067
363;null;1;2144;1073
364;null;1;2145;1069
365;null;1;2145;2434
366;null;1;2145;1074
367;null;1;2145;1073
368;null;1;2145;1067
369;null;1;2145;1066
370;null;1;2145;1065
371;null;1;2145;2303
372;null;1;2145;2304
373;null;1;2146;2434
374;null;1;2146;1065
375;null;1;2146;1066
376;null;1;2146;1067
377;null;1;2146;1073
378;null;1;2146;1074
379;null;1;2146;2304
380;null;1;2146;1069
381;null;1;2146;2303
382;null;1;2147;1073
383;null;1;2147;1074
384;null;1;2147;2434
385;null;1;2147;2303
386;null;1;2147;2304
387;null;1;2147;1069
388;null;1;2147;1067
389;null;1;2147;1066
390;null;1;2147;1065
391;null;1;2148;1069
392;null;1;2148;1067
393;null;1;2148;1066
394;null;1;2148;2304
395;null;1;2148;2303
396;null;1;2148;2434
397;null;1;2148;1065
398;null;1;2148;1074
399;null;1;2148;1073
400;null;1;2149;1067
401;null;1;2149;1069
402;null;1;2149;2434
403;null;1;2149;1075
404;null;1;2149;1073
405;null;1;2149;1074
406;null;1;2149;2303
407;null;1;2149;2304
408;null;1;2149;1065
409;null;1;2149;1066
410;null;1;2150;1074
411;null;1;2150;1073
412;null;1;2150;1067
413;null;1;2150;1066
414;null;1;2150;2304
415;null;1;2150;2303
416;null;1;2150;2434
417;null;1;2150;1065
418;null;1;2151;1074
419;null;1;2151;1066
420;null;1;2151;1065
421;null;1;2151;1073
422;null;1;2151;2434
423;null;1;2151;1067
424;null;1;2151;2303
425;null;1;2151;2304
426;null;1;2152;2434
427;null;1;2152;1067
428;null;1;2152;2304
429;null;1;2152;2303
430;null;1;2152;1069
431;null;1;2152;1072
432;null;1;2152;1065
433;null;1;2153;2304
434;null;1;2153;2434
435;null;1;2153;1079
436;null;1;2153;1080
437;null;1;2153;1082
438;null;1;2153;2303
439;null;1;2154;1088
440;null;1;2154;2434
441;null;1;2154;1092
442;null;1;2154;1078
443;null;1;2154;1077
444;null;1;2154;1076
445;null;1;2154;1090
446;null;1;2154;1089
447;null;1;2155;1078
448;null;1;2155;1088
449;null;1;2155;1089
450;null;1;2155;1090
451;null;1;2155;1076
452;null;1;2155;2434
453;null;1;2155;1092
454;null;1;2155;1077
455;null;1;2156;1065
456;null;1;2156;2434
457;null;1;2156;2303
458;null;1;2156;1074
459;null;1;2156;1073
460;null;1;2156;1075
461;null;1;2156;1069
462;null;1;2156;1067
463;null;1;2156;1066
501;1;2;1055;null
502;1;2;1056;null
503;1;2;1057;null
504;1;2;1058;null
505;1;2;1059;null
506;1;2;1060;null
507;1;2;1061;null
508;1;2;1062;null
509;1;2;2157;null
510;1;2;2159;null
511;1;2;2160;null
512;1;2;2161;null
513;1;2;2162;null
514;1;2;2333;null
515;1;2;2346;null
516;1;2;2390;null
517;1;2;2391;null
518;1;2;2392;null
519;1;2;2393;null
520;1;2;2394;null
521;1;2;2395;null
522;1;2;2396;null
523;1;2;2425;null
524;1;2;2439;null
525;1;2;2440;null
526;1;2;2441;null
527;1;2;2442;null
528;1;2;2448;null
529;1;2;2449;null
530;2;2;2478;null
531;1;2;2482;null
532;2;2;2533;null
551;140;4;2159;null
552;0;4;2478;null
553;0;4;2482;null
554;0;4;2533;null
561;Gece;3;2159;null
571;0;5;2080;2433
572;0;5;2080;2417
573;0;5;2080;2524
574;0;5;2080;2503
575;0;5;2080;2504
576;0;5;2080;2505
577;0;5;2080;2517
578;0;5;2080;2434
579;0;5;2080;2532
580;0;5;2080;2508
581;0;5;2080;2516
582;0;5;2080;2515
583;0;5;2080;2514
584;0;5;2080;2513
585;0;5;2080;2512
586;0;5;2080;2506
587;0;5;2080;2507
588;0;5;2080;2511
589;0;5;2080;2531
590;0;5;2080;2530
591;9;5;2080;1073
592;0;5;2080;1071
593;0;5;2080;1070
594;0;5;2080;1069
595;6;5;2080;1067
596;6;5;2080;1066
597;0;5;2080;2528
598;6;5;2080;1065
599;0;5;2080;2527
600;0;5;2080;2526
601;0;5;2080;2525
602;0;5;2080;2510
603;0;5;2080;2509
604;0;5;2081;2524
605;0;5;2081;2434
606;0;5;2081;2531
607;0;5;2081;2530
608;0;5;2081;2529
609;0;5;2081;1091
610;6;5;2081;1067
611;6;5;2081;1065
612;0;5;2081;2304
613;0;5;2081;2503
614;0;5;2081;2504
615;0;5;2081;2505
616;0;5;2081;2525
617;0;5;2081;2526
618;0;5;2081;2527
619;0;5;2081;2528
620;0;5;2081;2532
621;0;5;2081;2433
622;0;5;2081;2417
623;0;5;2081;2303
624;0;5;2082;2510
625;0;5;2082;1071
626;0;5;2082;1070
627;0;5;2082;2513
628;0;5;2082;2514
629;0;5;2082;2524
630;6;5;2082;1065
631;6;5;2082;1066
632;0;5;2082;1069
633;6;5;2082;1067
634;0;5;2082;2511
635;9;5;2082;1073
636;0;5;2082;2434
637;0;5;2082;2532
638;0;5;2082;2531
639;0;5;2082;2530
640;0;5;2082;2529
641;0;5;2082;2528
642;0;5;2082;2527
643;0;5;2082;2526
644;0;5;2082;2503
645;0;5;2082;2504
646;0;5;2082;2505
647;0;5;2082;2506
648;0;5;2082;2507
649;0;5;2082;2508
650;0;5;2082;2509
651;0;5;2082;2512
652;0;5;2082;2525
653;0;5;2082;2417
654;0;5;2082;2433
655;0;5;2083;2513
656;0;5;2083;2434
657;6;5;2083;1065
658;6;5;2083;1066
659;6;5;2083;1067
660;0;5;2083;1069
661;0;5;2083;1070
662;0;5;2083;1071
663;9;5;2083;1073
664;0;5;2083;2532
665;0;5;2083;2531
666;0;5;2083;2530
667;0;5;2083;2529
668;0;5;2083;2528
669;0;5;2083;2527
670;0;5;2083;2526
671;0;5;2083;2525
672;0;5;2083;2524
673;0;5;2083;2518
674;0;5;2083;2520
675;0;5;2083;2519
676;0;5;2083;2517
677;0;5;2083;2516
678;0;5;2083;2515
679;0;5;2083;2514
680;0;5;2083;2512
681;0;5;2083;2511
682;0;5;2083;2510
683;0;5;2083;2509
684;0;5;2083;2508
685;0;5;2083;2507
686;0;5;2083;2506
687;0;5;2083;2505
688;0;5;2083;2504
689;0;5;2083;2503
690;0;5;2083;2417
691;0;5;2083;2433
692;6;5;2117;1067
693;9;5;2117;1073
694;0;5;2117;2516
695;0;5;2117;2517
696;0;5;2117;2530
697;0;5;2117;2531
698;0;5;2117;2532
699;0;5;2117;2505
700;0;5;2117;2434
701;6;5;2117;1065
702;6;5;2117;1066
703;0;5;2117;1069
704;0;5;2117;2512
705;0;5;2117;2513
706;0;5;2117;2514
707;0;5;2117;2503
708;0;5;2117;2504
709;0;5;2117;2515
710;0;5;2118;2434
711;4;5;2118;1074
712;6;5;2118;1065
713;9;5;2118;1073
714;6;5;2118;1066
715;6;5;2118;1067
716;0;5;2118;1069
717;0;5;2118;1072
718;0;5;2118;1071
719;0;5;2118;2417
720;0;5;2119;2531
721;0;5;2119;2532
722;9;5;2119;1073
723;0;5;2119;2503
724;0;5;2119;2504
725;0;5;2119;2505
726;0;5;2119;1069
727;6;5;2119;1067
728;0;5;2119;2434
729;6;5;2119;1066
730;6;5;2119;1065
731;0;5;2119;2512
732;0;5;2119;2513
733;0;5;2119;2514
734;0;5;2119;2515
735;0;5;2119;2516
736;0;5;2119;2517
737;0;5;2119;2530
738;0;5;2120;2505
739;0;5;2120;2516
740;6;5;2120;1065
741;6;5;2120;1066
742;6;5;2120;1067
743;0;5;2120;2517
744;0;5;2120;2512
745;0;5;2120;2530
746;0;5;2120;2531
747;0;5;2120;2532
748;0;5;2120;1069
749;0;5;2120;2503
750;9;5;2120;1073
751;0;5;2120;2434
752;0;5;2120;2514
753;0;5;2120;2513
754;0;5;2120;2515
755;0;5;2120;2504
756;0;5;2123;2504
757;0;5;2123;2516
758;0;5;2123;2515
759;0;5;2123;2514
760;6;5;2123;1067
761;6;5;2123;1066
762;6;5;2123;1065
763;0;5;2123;2503
764;0;5;2123;2505
765;0;5;2123;2532
766;0;5;2123;1074
767;0;5;2123;2434
768;9;5;2123;1073
769;0;5;2123;2531
770;0;5;2123;2512
771;0;5;2123;1069
772;0;5;2123;2530
773;0;5;2123;2517
774;0;5;2123;2513
775;0;5;2124;2513
776;6;5;2124;1065
777;0;5;2124;2504
778;0;5;2124;2503
779;0;5;2124;2434
780;9;5;2124;1073
781;0;5;2124;1069
782;6;5;2124;1067
783;6;5;2124;1066
784;0;5;2124;2505
785;0;5;2124;2512
786;0;5;2124;2514
787;0;5;2124;2515
788;0;5;2124;2516
789;0;5;2124;2517
790;0;5;2124;2530
791;0;5;2124;2531
792;0;5;2124;2532
793;6;5;2125;1067
794;0;5;2125;1069
795;9;5;2125;1073
796;0;5;2125;2434
797;0;5;2125;2304
798;0;5;2125;2303
799;6;5;2125;1065
800;6;5;2125;1066
801;0;5;2127;2304
802;0;5;2127;2434
803;0;5;2127;2303
804;6;5;2127;1065
805;6;5;2127;1066
806;6;5;2127;1067
807;0;5;2127;1069
808;9;5;2127;1073
809;0;5;2128;1069
810;6;5;2128;1066
811;9;5;2128;1073
812;6;5;2128;1067
813;0;5;2128;2303
814;0;5;2128;2304
815;6;5;2128;1065
816;0;5;2128;2434
817;6;5;2131;1066
818;6;5;2131;1065
819;6;5;2131;1067
820;0;5;2131;1069
821;9;5;2131;1073
822;0;5;2131;2303
823;0;5;2131;2304
824;0;5;2131;2434
825;6;5;2132;1067
826;0;5;2132;2304
827;6;5;2132;1065
828;0;5;2132;2303
829;0;5;2132;2434
830;9;5;2132;1073
831;0;5;2132;1069
832;6;5;2132;1066
833;6;5;2133;1065
834;0;5;2133;2434
835;4;5;2133;1074
836;9;5;2133;1073
837;0;5;2133;1069
838;6;5;2133;1067
839;0;5;2133;2303
840;0;5;2133;2304
841;6;5;2133;1066
842;6;5;2134;1065
843;0;5;2134;2303
844;6;5;2134;1067
845;6;5;2134;1066
846;0;5;2134;2304
847;0;5;2134;1069
848;9;5;2134;1073
849;4;5;2134;1074
850;0;5;2134;2434
851;0;5;2135;2304
852;0;5;2135;2303
853;4;5;2135;1074
854;9;5;2135;1073
855;0;5;2135;1069
856;0;5;2135;2434
857;6;5;2135;1067
858;6;5;2135;1066
859;6;5;2135;1065
860;6;5;2136;1065
861;6;5;2136;1066
862;0;5;2136;1069
863;6;5;2136;1067
864;4;5;2136;1074
865;0;5;2136;2434
866;9;5;2136;1073
867;0;5;2136;2303
868;0;5;2136;2304
869;9;5;2137;1073
870;0;5;2137;1069
871;6;5;2137;1066
872;0;5;2137;2304
873;0;5;2137;2303
874;6;5;2137;1067
875;6;5;2137;1065
876;0;5;2137;2434
877;6;5;2138;1067
878;0;5;2138;2434
879;6;5;2138;1066
880;0;5;2138;2303
881;6;5;2138;1065
882;9;5;2138;1073
883;0;5;2138;1069
884;0;5;2138;2304
885;6;5;2139;1065
886;6;5;2139;1067
887;6;5;2139;1066
888;0;5;2139;2434
889;9;5;2139;1073
890;0;5;2139;2304
891;0;5;2139;1069
892;0;5;2139;2303
893;0;5;2140;2303
894;0;5;2140;2304
895;0;5;2140;2434
896;9;5;2140;1073
897;6;5;2140;1065
898;6;5;2140;1066
899;0;5;2140;1069
900;6;5;2140;1067
901;0;5;2141;2304
902;0;5;2141;2303
903;0;5;2141;2434
904;9;5;2141;1073
905;0;5;2141;1069
906;6;5;2141;1067
907;6;5;2141;1066
908;6;5;2141;1065
909;6;5;2142;1065
910;9;5;2142;1073
911;0;5;2142;1069
912;0;5;2142;2434
913;6;5;2142;1067
914;0;5;2142;2303
915;0;5;2142;2304
916;6;5;2142;1066
917;0;5;2143;2303
918;9;5;2143;1073
919;0;5;2143;1069
920;6;5;2143;1067
921;6;5;2143;1066
922;6;5;2143;1065
923;0;5;2143;2434
924;0;5;2143;2304
925;9;5;2144;1073
926;6;5;2144;1065
927;6;5;2144;1066
928;6;5;2144;1067
929;0;5;2144;1069
930;0;5;2144;2304
931;0;5;2144;2434
932;0;5;2144;2303
933;6;5;2145;1066
934;6;5;2145;1067
935;0;5;2145;2434
936;9;5;2145;1073
937;4;5;2145;1074
938;0;5;2145;2304
939;0;5;2145;2303
940;0;5;2145;1069
941;6;5;2145;1065
942;0;5;2146;1069
943;4;5;2146;1074
944;0;5;2146;2434
945;0;5;2146;1065
946;0;5;2146;2304
947;0;5;2146;2303
948;6;5;2146;1066
949;6;5;2146;1067
950;9;5;2146;1073
951;0;5;2147;2303
952;4;5;2147;1074
953;9;5;2147;1073
954;0;5;2147;1069
955;6;5;2147;1067
956;6;5;2147;1066
957;6;5;2147;1065
958;0;5;2147;2304
959;0;5;2147;2434
960;0;5;2148;2303
961;0;5;2148;1069
962;6;5;2148;1066
963;6;5;2148;1065
964;0;5;2148;2304
965;0;5;2148;2434
966;6;5;2148;1067
967;9;5;2148;1073
968;4;5;2148;1074
969;0;5;2149;2434
970;9;5;2149;1073
971;6;5;2149;1066
972;0;5;2149;2303
973;6;5;2149;1067
974;0;5;2149;2304
975;0;5;2149;1069
976;0;5;2149;1075
977;6;5;2149;1065
978;4;5;2149;1074
979;6;5;2150;1065
980;0;5;2150;2304
981;6;5;2150;1066
982;6;5;2150;1067
983;9;5;2150;1073
984;4;5;2150;1074
985;0;5;2150;2303
986;0;5;2150;2434
987;6;5;2151;1066
988;6;5;2151;1065
989;0;5;2151;2303
990;9;5;2151;1073
991;4;5;2151;1074
992;0;5;2151;2434
993;0;5;2151;2304
994;6;5;2151;1067
995;0;5;2152;1069
996;0;5;2152;1072
997;0;5;2152;2304
998;0;5;2152;2303
999;0;5;2152;2434
1000;0;5;2152;1065
1001;0;5;2152;1067
1002;0;5;2153;2304
1003;0;5;2153;2303
1004;0;5;2153;2434
1005;0;5;2153;1082
1006;0;5;2153;1080
1007;0;5;2153;1079
1008;0;5;2154;1089
1009;0;5;2154;2434
1010;0;5;2154;1092
1011;0;5;2154;1078
1012;0;5;2154;1077
1013;0;5;2154;1076
1014;0;5;2154;1090
1015;0;5;2154;1088
1016;0;5;2155;1078
1017;0;5;2155;1088
1018;0;5;2155;2434
1019;0;5;2155;1089
1020;0;5;2155;1090
1021;0;5;2155;1076
1022;0;5;2155;1077
1023;0;5;2155;1092
1024;6;5;2156;1066
1025;0;5;2156;2434
1026;4;5;2156;1074
1027;9;5;2156;1073
1028;0;5;2156;1075
1029;0;5;2156;1069
1030;6;5;2156;1067
1031;6;5;2156;1065
1032;0;5;2156;2303
1041;12;6;2080;2433
1042;12;6;2080;2417
1043;12;6;2080;2524
1044;18;6;2080;2503
1045;18;6;2080;2504
1046;18;6;2080;2505
1047;20;6;2080;2517
1048;0;6;2080;2434
1049;30;6;2080;2532
1050;30;6;2080;2508
1051;20;6;2080;2516
1052;20;6;2080;2515
1053;30;6;2080;2514
1054;30;6;2080;2513
1055;6;6;2080;2512
1056;12;6;2080;2506
1057;12;6;2080;2507
1058;30;6;2080;2511
1059;30;6;2080;2531
1060;12;6;2080;2530
1061;6;6;2080;1073
1062;12;6;2080;1071
1063;12;6;2080;1070
1064;0;6;2080;1069
1065;0;6;2080;1067
1066;0;6;2080;1066
1067;12;6;2080;2528
1068;0;6;2080;1065
1069;12;6;2080;2527
1070;30;6;2080;2526
1071;12;6;2080;2525
1072;12;6;2080;2510
1073;12;6;2080;2509
1074;0;6;2081;2524
1075;0;6;2081;2434
1076;0;6;2081;2531
1077;0;6;2081;2530
1078;0;6;2081;2529
1079;24;6;2081;1091
1080;0;6;2081;1067
1081;0;6;2081;1065
1082;0;6;2081;2304
1083;0;6;2081;2503
1084;0;6;2081;2504
1085;0;6;2081;2505
1086;0;6;2081;2525
1087;0;6;2081;2526
1088;0;6;2081;2527
1089;0;6;2081;2528
1090;0;6;2081;2532
1091;0;6;2081;2433
1092;0;6;2081;2417
1093;0;6;2081;2303
1094;0;6;2082;2510
1095;12;6;2082;1071
1096;12;6;2082;1070
1097;0;6;2082;2513
1098;0;6;2082;2514
1099;0;6;2082;2524
1100;0;6;2082;1065
1101;0;6;2082;1066
1102;0;6;2082;1069
1103;0;6;2082;1067
1104;0;6;2082;2511
1105;6;6;2082;1073
1106;0;6;2082;2434
1107;0;6;2082;2532
1108;0;6;2082;2531
1109;0;6;2082;2530
1110;0;6;2082;2529
1111;0;6;2082;2528
1112;0;6;2082;2527
1113;0;6;2082;2526
1114;0;6;2082;2503
1115;0;6;2082;2504
1116;0;6;2082;2505
1117;0;6;2082;2506
1118;0;6;2082;2507
1119;0;6;2082;2508
1120;0;6;2082;2509
1121;0;6;2082;2512
1122;0;6;2082;2525
1123;0;6;2082;2417
1124;0;6;2082;2433
1125;0;6;2083;2513
1126;0;6;2083;2434
1127;0;6;2083;1065
1128;0;6;2083;1066
1129;0;6;2083;1067
1130;0;6;2083;1069
1131;12;6;2083;1070
1132;12;6;2083;1071
1133;6;6;2083;1073
1134;0;6;2083;2532
1135;0;6;2083;2531
1136;0;6;2083;2530
1137;0;6;2083;2529
1138;0;6;2083;2528
1139;0;6;2083;2527
1140;0;6;2083;2526
1141;0;6;2083;2525
1142;0;6;2083;2524
1143;0;6;2083;2518
1144;0;6;2083;2520
1145;0;6;2083;2519
1146;0;6;2083;2517
1147;0;6;2083;2516
1148;0;6;2083;2515
1149;0;6;2083;2514
1150;0;6;2083;2512
1151;0;6;2083;2511
1152;0;6;2083;2510
1153;0;6;2083;2509
1154;0;6;2083;2508
1155;0;6;2083;2507
1156;0;6;2083;2506
1157;0;6;2083;2505
1158;0;6;2083;2504
1159;0;6;2083;2503
1160;0;6;2083;2417
1161;0;6;2083;2433
1162;0;6;2117;1067
1163;6;6;2117;1073
1164;0;6;2117;2516
1165;0;6;2117;2517
1166;0;6;2117;2530
1167;0;6;2117;2531
1168;0;6;2117;2532
1169;0;6;2117;2505
1170;0;6;2117;2434
1171;0;6;2117;1065
1172;0;6;2117;1066
1173;0;6;2117;1069
1174;0;6;2117;2512
1175;0;6;2117;2513
1176;0;6;2117;2514
1177;0;6;2117;2503
1178;0;6;2117;2504
1179;0;6;2117;2515
1180;0;6;2118;2434
1181;20;6;2118;1074
1182;0;6;2118;1065
1183;6;6;2118;1073
1184;0;6;2118;1066
1185;0;6;2118;1067
1186;0;6;2118;1069
1187;0;6;2118;1072
1188;12;6;2118;1071
1189;0;6;2118;2417
1190;0;6;2119;2531
1191;0;6;2119;2532
1192;6;6;2119;1073
1193;0;6;2119;2503
1194;0;6;2119;2504
1195;0;6;2119;2505
1196;0;6;2119;1069
1197;0;6;2119;1067
1198;0;6;2119;2434
1199;0;6;2119;1066
1200;0;6;2119;1065
1201;0;6;2119;2512
1202;0;6;2119;2513
1203;0;6;2119;2514
1204;0;6;2119;2515
1205;0;6;2119;2516
1206;0;6;2119;2517
1207;0;6;2119;2530
1208;0;6;2120;2505
1209;0;6;2120;2516
1210;0;6;2120;1065
1211;0;6;2120;1066
1212;0;6;2120;1067
1213;0;6;2120;2517
1214;0;6;2120;2512
1215;0;6;2120;2530
1216;0;6;2120;2531
1217;0;6;2120;2532
1218;0;6;2120;1069
1219;0;6;2120;2503
1220;6;6;2120;1073
1221;0;6;2120;2434
1222;0;6;2120;2514
1223;0;6;2120;2513
1224;0;6;2120;2515
1225;0;6;2120;2504
1226;0;6;2123;2504
1227;0;6;2123;2516
1228;0;6;2123;2515
1229;0;6;2123;2514
1230;0;6;2123;1067
1231;0;6;2123;1066
1232;0;6;2123;1065
1233;0;6;2123;2503
1234;0;6;2123;2505
1235;0;6;2123;2532
1236;0;6;2123;1074
1237;0;6;2123;2434
1238;6;6;2123;1073
1239;0;6;2123;2531
1240;0;6;2123;2512
1241;0;6;2123;1069
1242;0;6;2123;2530
1243;0;6;2123;2517
1244;0;6;2123;2513
1245;0;6;2124;2513
1246;0;6;2124;1065
1247;0;6;2124;2504
1248;0;6;2124;2503
1249;0;6;2124;2434
1250;6;6;2124;1073
1251;0;6;2124;1069
1252;0;6;2124;1067
1253;0;6;2124;1066
1254;0;6;2124;2505
1255;0;6;2124;2512
1256;0;6;2124;2514
1257;0;6;2124;2515
1258;0;6;2124;2516
1259;0;6;2124;2517
1260;0;6;2124;2530
1261;0;6;2124;2531
1262;0;6;2124;2532
1263;0;6;2125;1067
1264;0;6;2125;1069
1265;6;6;2125;1073
1266;0;6;2125;2434
1267;0;6;2125;2304
1268;0;6;2125;2303
1269;0;6;2125;1065
1270;0;6;2125;1066
1271;0;6;2127;2304
1272;0;6;2127;2434
1273;0;6;2127;2303
1274;0;6;2127;1065
1275;0;6;2127;1066
1276;0;6;2127;1067
1277;0;6;2127;1069
1278;6;6;2127;1073
1279;0;6;2128;1069
1280;0;6;2128;1066
1281;6;6;2128;1073
1282;0;6;2128;1067
1283;0;6;2128;2303
1284;0;6;2128;2304
1285;0;6;2128;1065
1286;0;6;2128;2434
1287;0;6;2131;1066
1288;0;6;2131;1065
1289;0;6;2131;1067
1290;0;6;2131;1069
1291;6;6;2131;1073
1292;0;6;2131;2303
1293;0;6;2131;2304
1294;0;6;2131;2434
1295;0;6;2132;1067
1296;0;6;2132;2304
1297;0;6;2132;1065
1298;0;6;2132;2303
1299;0;6;2132;2434
1300;6;6;2132;1073
1301;0;6;2132;1069
1302;0;6;2132;1066
1303;0;6;2133;1065
1304;0;6;2133;2434
1305;20;6;2133;1074
1306;6;6;2133;1073
1307;0;6;2133;1069
1308;0;6;2133;1067
1309;0;6;2133;2303
1310;0;6;2133;2304
1311;0;6;2133;1066
1312;0;6;2134;1065
1313;0;6;2134;2303
1314;0;6;2134;1067
1315;0;6;2134;1066
1316;0;6;2134;2304
1317;0;6;2134;1069
1318;6;6;2134;1073
1319;20;6;2134;1074
1320;0;6;2134;2434
1321;0;6;2135;2304
1322;0;6;2135;2303
1323;20;6;2135;1074
1324;6;6;2135;1073
1325;0;6;2135;1069
1326;0;6;2135;2434
1327;0;6;2135;1067
1328;0;6;2135;1066
1329;0;6;2135;1065
1330;0;6;2136;1065
1331;0;6;2136;1066
1332;0;6;2136;1069
1333;0;6;2136;1067
1334;20;6;2136;1074
1335;0;6;2136;2434
1336;6;6;2136;1073
1337;0;6;2136;2303
1338;0;6;2136;2304
1339;6;6;2137;1073
1340;0;6;2137;1069
1341;0;6;2137;1066
1342;0;6;2137;2304
1343;0;6;2137;2303
1344;0;6;2137;1067
1345;0;6;2137;1065
1346;0;6;2137;2434
1347;0;6;2138;1067
1348;0;6;2138;2434
1349;0;6;2138;1066
1350;0;6;2138;2303
1351;0;6;2138;1065
1352;6;6;2138;1073
1353;0;6;2138;1069
1354;0;6;2138;2304
1355;0;6;2139;1065
1356;0;6;2139;1067
1357;0;6;2139;1066
1358;0;6;2139;2434
1359;6;6;2139;1073
1360;0;6;2139;2304
1361;0;6;2139;1069
1362;0;6;2139;2303
1363;0;6;2140;2303
1364;0;6;2140;2304
1365;0;6;2140;2434
1366;6;6;2140;1073
1367;0;6;2140;1065
1368;0;6;2140;1066
1369;0;6;2140;1069
1370;0;6;2140;1067
1371;0;6;2141;2304
1372;0;6;2141;2303
1373;0;6;2141;2434
1374;6;6;2141;1073
1375;0;6;2141;1069
1376;0;6;2141;1067
1377;0;6;2141;1066
1378;0;6;2141;1065
1379;0;6;2142;1065
1380;6;6;2142;1073
1381;0;6;2142;1069
1382;0;6;2142;2434
1383;0;6;2142;1067
1384;0;6;2142;2303
1385;0;6;2142;2304
1386;0;6;2142;1066
1387;0;6;2143;2303
1388;6;6;2143;1073
1389;0;6;2143;1069
1390;0;6;2143;1067
1391;0;6;2143;1066
1392;0;6;2143;1065
1393;0;6;2143;2434
1394;0;6;2143;2304
1395;6;6;2144;1073
1396;0;6;2144;1065
1397;0;6;2144;1066
1398;0;6;2144;1067
1399;0;6;2144;1069
1400;0;6;2144;2304
1401;0;6;2144;2434
1402;0;6;2144;2303
1403;0;6;2145;1066
1404;0;6;2145;1067
1405;0;6;2145;2434
1406;6;6;2145;1073
1407;20;6;2145;1074
1408;0;6;2145;2304
1409;0;6;2145;2303
1410;0;6;2145;1069
1411;0;6;2145;1065
1412;0;6;2146;1069
1413;20;6;2146;1074
1414;0;6;2146;2434
1415;0;6;2146;1065
1416;0;6;2146;2304
1417;0;6;2146;2303
1418;0;6;2146;1066
1419;0;6;2146;1067
1420;6;6;2146;1073
1421;0;6;2147;2303
1422;20;6;2147;1074
1423;6;6;2147;1073
1424;0;6;2147;1069
1425;0;6;2147;1067
1426;0;6;2147;1066
1427;0;6;2147;1065
1428;0;6;2147;2304
1429;0;6;2147;2434
1430;0;6;2148;2303
1431;0;6;2148;1069
1432;0;6;2148;1066
1433;0;6;2148;1065
1434;0;6;2148;2304
1435;0;6;2148;2434
1436;0;6;2148;1067
1437;6;6;2148;1073
1438;20;6;2148;1074
1439;0;6;2149;2434
1440;6;6;2149;1073
1441;0;6;2149;1066
1442;0;6;2149;2303
1443;0;6;2149;1067
1444;0;6;2149;2304
1445;0;6;2149;1069
1446;12;6;2149;1075
1447;0;6;2149;1065
1448;20;6;2149;1074
1449;0;6;2150;1065
1450;0;6;2150;2304
1451;0;6;2150;1066
1452;0;6;2150;1067
1453;6;6;2150;1073
1454;20;6;2150;1074
1455;0;6;2150;2303
1456;0;6;2150;2434
1457;0;6;2151;1066
1458;0;6;2151;1065
1459;0;6;2151;2303
1460;6;6;2151;1073
1461;20;6;2151;1074
1462;0;6;2151;2434
1463;0;6;2151;2304
1464;0;6;2151;1067
1465;0;6;2152;1069
1466;0;6;2152;1072
1467;0;6;2152;2304
1468;0;6;2152;2303
1469;0;6;2152;2434
1470;0;6;2152;1065
1471;0;6;2152;1067
1472;0;6;2153;2304
1473;0;6;2153;2303
1474;0;6;2153;2434
1475;0;6;2153;1082
1476;0;6;2153;1080
1477;0;6;2153;1079
1478;0;6;2154;1089
1479;0;6;2154;2434
1480;0;6;2154;1092
1481;0;6;2154;1078
1482;0;6;2154;1077
1483;0;6;2154;1076
1484;0;6;2154;1090
1485;0;6;2154;1088
1486;0;6;2155;1078
1487;0;6;2155;1088
1488;0;6;2155;2434
1489;0;6;2155;1089
1490;0;6;2155;1090
1491;0;6;2155;1076
1492;0;6;2155;1077
1493;0;6;2155;1092
1494;0;6;2156;1066
1495;0;6;2156;2434
1496;20;6;2156;1074
1497;6;6;2156;1073
1498;12;6;2156;1075
1499;0;6;2156;1069
1500;0;6;2156;1067
1501;0;6;2156;1065
1502;0;6;2156;2303
1511;18;7;2080;2433
1512;18;7;2080;2417
1513;18;7;2080;2524
1514;0;7;2080;2503
1515;0;7;2080;2504
1516;0;7;2080;2505
1517;20;7;2080;2517
1518;0;7;2080;2434
1519;0;7;2080;2532
1520;0;7;2080;2508
1521;20;7;2080;2516
1522;20;7;2080;2515
1523;0;7;2080;2514
1524;0;7;2080;2513
1525;15;7;2080;2512
1526;18;7;2080;2506
1527;18;7;2080;2507
1528;0;7;2080;2511
1529;0;7;2080;2531
1530;18;7;2080;2530
1531;15;7;2080;1073
1532;18;7;2080;1071
1533;18;7;2080;1070
1534;0;7;2080;1069
1535;6;7;2080;1067
1536;6;7;2080;1066
1537;18;7;2080;2528
1538;6;7;2080;1065
1539;18;7;2080;2527
1540;0;7;2080;2526
1541;18;7;2080;2525
1542;18;7;2080;2510
1543;18;7;2080;2509
1544;0;7;2081;2524
1545;0;7;2081;2434
1546;0;7;2081;2531
1547;0;7;2081;2530
1548;0;7;2081;2529
1549;18;7;2081;1091
1550;6;7;2081;1067
1551;6;7;2081;1065
1552;0;7;2081;2304
1553;0;7;2081;2503
1554;0;7;2081;2504
1555;0;7;2081;2505
1556;0;7;2081;2525
1557;0;7;2081;2526
1558;0;7;2081;2527
1559;0;7;2081;2528
1560;0;7;2081;2532
1561;0;7;2081;2433
1562;0;7;2081;2417
1563;0;7;2081;2303
1564;0;7;2082;2510
1565;18;7;2082;1071
1566;18;7;2082;1070
1567;0;7;2082;2513
1568;0;7;2082;2514
1569;0;7;2082;2524
1570;6;7;2082;1065
1571;6;7;2082;1066
1572;0;7;2082;1069
1573;6;7;2082;1067
1574;0;7;2082;2511
1575;15;7;2082;1073
1576;0;7;2082;2434
1577;0;7;2082;2532
1578;0;7;2082;2531
1579;0;7;2082;2530
1580;0;7;2082;2529
1581;0;7;2082;2528
1582;0;7;2082;2527
1583;0;7;2082;2526
1584;0;7;2082;2503
1585;0;7;2082;2504
1586;0;7;2082;2505
1587;0;7;2082;2506
1588;0;7;2082;2507
1589;0;7;2082;2508
1590;0;7;2082;2509
1591;0;7;2082;2512
1592;0;7;2082;2525
1593;0;7;2082;2417
1594;0;7;2082;2433
1595;0;7;2083;2513
1596;0;7;2083;2434
1597;6;7;2083;1065
1598;6;7;2083;1066
1599;6;7;2083;1067
1600;0;7;2083;1069
1601;18;7;2083;1070
1602;18;7;2083;1071
1603;15;7;2083;1073
1604;0;7;2083;2532
1605;0;7;2083;2531
1606;0;7;2083;2530
1607;0;7;2083;2529
1608;0;7;2083;2528
1609;0;7;2083;2527
1610;0;7;2083;2526
1611;0;7;2083;2525
1612;0;7;2083;2524
1613;0;7;2083;2518
1614;0;7;2083;2520
1615;0;7;2083;2519
1616;0;7;2083;2517
1617;0;7;2083;2516
1618;0;7;2083;2515
1619;0;7;2083;2514
1620;0;7;2083;2512
1621;0;7;2083;2511
1622;0;7;2083;2510
1623;0;7;2083;2509
1624;0;7;2083;2508
1625;0;7;2083;2507
1626;0;7;2083;2506
1627;0;7;2083;2505
1628;0;7;2083;2504
1629;0;7;2083;2503
1630;0;7;2083;2417
1631;0;7;2083;2433
1632;6;7;2117;1067
1633;15;7;2117;1073
1634;0;7;2117;2516
1635;0;7;2117;2517
1636;0;7;2117;2530
1637;0;7;2117;2531
1638;0;7;2117;2532
1639;0;7;2117;2505
1640;0;7;2117;2434
1641;6;7;2117;1065
1642;6;7;2117;1066
1643;0;7;2117;1069
1644;0;7;2117;2512
1645;0;7;2117;2513
1646;0;7;2117;2514
1647;0;7;2117;2503
1648;0;7;2117;2504
1649;0;7;2117;2515
1650;0;7;2118;2434
1651;20;7;2118;1074
1652;6;7;2118;1065
1653;15;7;2118;1073
1654;6;7;2118;1066
1655;6;7;2118;1067
1656;0;7;2118;1069
1657;0;7;2118;1072
1658;18;7;2118;1071
1659;0;7;2118;2417
1660;0;7;2119;2531
1661;0;7;2119;2532
1662;15;7;2119;1073
1663;0;7;2119;2503
1664;0;7;2119;2504
1665;0;7;2119;2505
1666;0;7;2119;1069
1667;6;7;2119;1067
1668;0;7;2119;2434
1669;6;7;2119;1066
1670;6;7;2119;1065
1671;0;7;2119;2512
1672;0;7;2119;2513
1673;0;7;2119;2514
1674;0;7;2119;2515
1675;0;7;2119;2516
1676;0;7;2119;2517
1677;0;7;2119;2530
1678;0;7;2120;2505
1679;0;7;2120;2516
1680;6;7;2120;1065
1681;6;7;2120;1066
1682;6;7;2120;1067
1683;0;7;2120;2517
1684;0;7;2120;2512
1685;0;7;2120;2530
1686;0;7;2120;2531
1687;0;7;2120;2532
1688;0;7;2120;1069
1689;0;7;2120;2503
1690;15;7;2120;1073
1691;0;7;2120;2434
1692;0;7;2120;2514
1693;0;7;2120;2513
1694;0;7;2120;2515
1695;0;7;2120;2504
1696;0;7;2123;2504
1697;0;7;2123;2516
1698;0;7;2123;2515
1699;0;7;2123;2514
1700;6;7;2123;1067
1701;6;7;2123;1066
1702;6;7;2123;1065
1703;0;7;2123;2503
1704;0;7;2123;2505
1705;0;7;2123;2532
1706;0;7;2123;1074
1707;0;7;2123;2434
1708;15;7;2123;1073
1709;0;7;2123;2531
1710;0;7;2123;2512
1711;0;7;2123;1069
1712;0;7;2123;2530
1713;0;7;2123;2517
1714;0;7;2123;2513
1715;0;7;2124;2513
1716;6;7;2124;1065
1717;0;7;2124;2504
1718;0;7;2124;2503
1719;0;7;2124;2434
1720;15;7;2124;1073
1721;0;7;2124;1069
1722;6;7;2124;1067
1723;6;7;2124;1066
1724;0;7;2124;2505
1725;0;7;2124;2512
1726;0;7;2124;2514
1727;0;7;2124;2515
1728;0;7;2124;2516
1729;0;7;2124;2517
1730;0;7;2124;2530
1731;0;7;2124;2531
1732;0;7;2124;2532
1733;6;7;2125;1067
1734;0;7;2125;1069
1735;15;7;2125;1073
1736;0;7;2125;2434
1737;0;7;2125;2304
1738;0;7;2125;2303
1739;6;7;2125;1065
1740;6;7;2125;1066
1741;0;7;2127;2304
1742;0;7;2127;2434
1743;0;7;2127;2303
1744;6;7;2127;1065
1745;6;7;2127;1066
1746;6;7;2127;1067
1747;0;7;2127;1069
1748;15;7;2127;1073
1749;0;7;2128;1069
1750;6;7;2128;1066
1751;15;7;2128;1073
1752;6;7;2128;1067
1753;0;7;2128;2303
1754;0;7;2128;2304
1755;6;7;2128;1065
1756;0;7;2128;2434
1757;6;7;2131;1066
1758;6;7;2131;1065
1759;6;7;2131;1067
1760;0;7;2131;1069
1761;15;7;2131;1073
1762;0;7;2131;2303
1763;0;7;2131;2304
1764;0;7;2131;2434
1765;6;7;2132;1067
1766;0;7;2132;2304
1767;6;7;2132;1065
1768;0;7;2132;2303
1769;0;7;2132;2434
1770;15;7;2132;1073
1771;0;7;2132;1069
1772;6;7;2132;1066
1773;6;7;2133;1065
1774;0;7;2133;2434
1775;20;7;2133;1074
1776;15;7;2133;1073
1777;0;7;2133;1069
1778;6;7;2133;1067
1779;0;7;2133;2303
1780;0;7;2133;2304
1781;6;7;2133;1066
1782;6;7;2134;1065
1783;0;7;2134;2303
1784;6;7;2134;1067
1785;6;7;2134;1066
1786;0;7;2134;2304
1787;0;7;2134;1069
1788;15;7;2134;1073
1789;20;7;2134;1074
1790;0;7;2134;2434
1791;0;7;2135;2304
1792;0;7;2135;2303
1793;20;7;2135;1074
1794;15;7;2135;1073
1795;0;7;2135;1069
1796;0;7;2135;2434
1797;6;7;2135;1067
1798;6;7;2135;1066
1799;6;7;2135;1065
1800;6;7;2136;1065
1801;6;7;2136;1066
1802;0;7;2136;1069
1803;6;7;2136;1067
1804;20;7;2136;1074
1805;0;7;2136;2434
1806;15;7;2136;1073
1807;0;7;2136;2303
1808;0;7;2136;2304
1809;15;7;2137;1073
1810;0;7;2137;1069
1811;6;7;2137;1066
1812;0;7;2137;2304
1813;0;7;2137;2303
1814;6;7;2137;1067
1815;6;7;2137;1065
1816;0;7;2137;2434
1817;6;7;2138;1067
1818;0;7;2138;2434
1819;6;7;2138;1066
1820;0;7;2138;2303
1821;6;7;2138;1065
1822;15;7;2138;1073
1823;0;7;2138;1069
1824;0;7;2138;2304
1825;6;7;2139;1065
1826;6;7;2139;1067
1827;6;7;2139;1066
1828;0;7;2139;2434
1829;15;7;2139;1073
1830;0;7;2139;2304
1831;0;7;2139;1069
1832;0;7;2139;2303
1833;0;7;2140;2303
1834;0;7;2140;2304
1835;0;7;2140;2434
1836;15;7;2140;1073
1837;6;7;2140;1065
1838;6;7;2140;1066
1839;0;7;2140;1069
1840;6;7;2140;1067
1841;0;7;2141;2304
1842;0;7;2141;2303
1843;0;7;2141;2434
1844;15;7;2141;1073
1845;0;7;2141;1069
1846;6;7;2141;1067
1847;6;7;2141;1066
1848;6;7;2141;1065
1849;6;7;2142;1065
1850;15;7;2142;1073
1851;0;7;2142;1069
1852;0;7;2142;2434
1853;6;7;2142;1067
1854;0;7;2142;2303
1855;0;7;2142;2304
1856;6;7;2142;1066
1857;0;7;2143;2303
1858;15;7;2143;1073
1859;0;7;2143;1069
1860;6;7;2143;1067
1861;6;7;2143;1066
1862;6;7;2143;1065
1863;0;7;2143;2434
1864;0;7;2143;2304
1865;15;7;2144;1073
1866;6;7;2144;1065
1867;6;7;2144;1066
1868;6;7;2144;1067
1869;0;7;2144;1069
1870;0;7;2144;2304
1871;0;7;2144;2434
1872;0;7;2144;2303
1873;6;7;2145;1066
1874;6;7;2145;1067
1875;0;7;2145;2434
1876;15;7;2145;1073
1877;20;7;2145;1074
1878;0;7;2145;2304
1879;0;7;2145;2303
1880;0;7;2145;1069
1881;6;7;2145;1065
1882;0;7;2146;1069
1883;20;7;2146;1074
1884;0;7;2146;2434
1885;0;7;2146;1065
1886;0;7;2146;2304
1887;0;7;2146;2303
1888;6;7;2146;1066
1889;6;7;2146;1067
1890;15;7;2146;1073
1891;0;7;2147;2303
1892;20;7;2147;1074
1893;15;7;2147;1073
1894;0;7;2147;1069
1895;6;7;2147;1067
1896;6;7;2147;1066
1897;6;7;2147;1065
1898;0;7;2147;2304
1899;0;7;2147;2434
1900;0;7;2148;2303
1901;0;7;2148;1069
1902;6;7;2148;1066
1903;6;7;2148;1065
1904;0;7;2148;2304
1905;0;7;2148;2434
1906;6;7;2148;1067
1907;15;7;2148;1073
1908;20;7;2148;1074
1909;0;7;2149;2434
1910;15;7;2149;1073
1911;6;7;2149;1066
1912;0;7;2149;2303
1913;6;7;2149;1067
1914;0;7;2149;2304
1915;0;7;2149;1069
1916;18;7;2149;1075
1917;6;7;2149;1065
1918;20;7;2149;1074
1919;6;7;2150;1065
1920;0;7;2150;2304
1921;6;7;2150;1066
1922;6;7;2150;1067
1923;15;7;2150;1073
1924;20;7;2150;1074
1925;0;7;2150;2303
1926;0;7;2150;2434
1927;6;7;2151;1066
1928;6;7;2151;1065
1929;0;7;2151;2303
1930;15;7;2151;1073
1931;20;7;2151;1074
1932;0;7;2151;2434
1933;0;7;2151;2304
1934;6;7;2151;1067
1935;0;7;2152;1069
1936;0;7;2152;1072
1937;0;7;2152;2304
1938;0;7;2152;2303
1939;0;7;2152;2434
1940;0;7;2152;1065
1941;0;7;2152;1067
1942;0;7;2153;2304
1943;0;7;2153;2303
1944;0;7;2153;2434
1945;0;7;2153;1082
1946;0;7;2153;1080
1947;0;7;2153;1079
1948;0;7;2154;1089
1949;0;7;2154;2434
1950;0;7;2154;1092
1951;0;7;2154;1078
1952;0;7;2154;1077
1953;0;7;2154;1076
1954;0;7;2154;1090
1955;0;7;2154;1088
1956;0;7;2155;1078
1957;0;7;2155;1088
1958;0;7;2155;2434
1959;0;7;2155;1089
1960;0;7;2155;1090
1961;0;7;2155;1076
1962;0;7;2155;1077
1963;0;7;2155;1092
1964;6;7;2156;1066
1965;0;7;2156;2434
1966;20;7;2156;1074
1967;15;7;2156;1073
1968;18;7;2156;1075
1969;0;7;2156;1069
1970;6;7;2156;1067
1971;6;7;2156;1065
1972;0;7;2156;2303
1981;0;8;2080;2524
1982;0;8;2080;2512
1983;0;8;2080;2530
1984;0;8;2080;2531
1985;0;8;2080;2532
1986;0;8;2080;1073
1987;0;8;2080;1071
1988;0;8;2080;1070
1989;0;8;2080;1069
1990;0;8;2080;1067
1991;0;8;2080;2433
1992;0;8;2080;1066
1993;0;8;2080;1065
1994;0;8;2080;2434
1995;0;8;2080;2503
1996;0;8;2080;2504
1997;0;8;2080;2505
1998;0;8;2080;2506
1999;0;8;2080;2507
2000;0;8;2080;2508
2001;0;8;2080;2509
2002;0;8;2080;2510
2003;0;8;2080;2417
2004;0;8;2080;2513
2005;0;8;2080;2514
2006;0;8;2080;2515
2007;0;8;2080;2516
2008;0;8;2080;2517
2009;0;8;2080;2511
2010;0;8;2080;2525
2011;0;8;2080;2526
2012;0;8;2080;2527
2013;0;8;2080;2528
2014;0;8;2081;2433
2015;0;8;2081;2303
2016;0;8;2081;2417
2017;0;8;2081;2304
2018;0;8;2081;2503
2019;0;8;2081;2504
2020;0;8;2081;2505
2021;0;8;2081;2524
2022;0;8;2081;2525
2023;0;8;2081;2526
2024;0;8;2081;2531
2025;0;8;2081;1091
2026;0;8;2081;1067
2027;0;8;2081;1065
2028;0;8;2081;2434
2029;0;8;2081;2527
2030;0;8;2081;2529
2031;0;8;2081;2528
2032;0;8;2081;2530
2033;0;8;2081;2532
2034;0;8;2082;2524
2035;0;8;2082;2526
2036;0;8;2082;2527
2037;0;8;2082;2528
2038;0;8;2082;2529
2039;0;8;2082;2530
2040;0;8;2082;2531
2041;0;8;2082;2532
2042;0;8;2082;1069
2043;0;8;2082;1070
2044;0;8;2082;1071
2045;0;8;2082;1073
2046;0;8;2082;2511
2047;0;8;2082;2510
2048;0;8;2082;1065
2049;0;8;2082;1066
2050;0;8;2082;1067
2051;0;8;2082;2433
2052;0;8;2082;2434
2053;0;8;2082;2417
2054;0;8;2082;2503
2055;0;8;2082;2504
2056;0;8;2082;2505
2057;0;8;2082;2506
2058;0;8;2082;2507
2059;0;8;2082;2508
2060;0;8;2082;2509
2061;0;8;2082;2512
2062;0;8;2082;2513
2063;0;8;2082;2514
2064;0;8;2082;2525
2065;0;8;2083;2516
2066;0;8;2083;1065
2067;0;8;2083;1066
2068;0;8;2083;1067
2069;0;8;2083;1069
2070;0;8;2083;1070
2071;0;8;2083;1071
2072;0;8;2083;1073
2073;0;8;2083;2532
2074;0;8;2083;2531
2075;0;8;2083;2530
2076;0;8;2083;2529
2077;0;8;2083;2528
2078;0;8;2083;2527
2079;0;8;2083;2526
2080;0;8;2083;2525
2081;0;8;2083;2524
2082;0;8;2083;2518
2083;0;8;2083;2520
2084;0;8;2083;2519
2085;0;8;2083;2517
2086;0;8;2083;2515
2087;0;8;2083;2514
2088;0;8;2083;2513
2089;0;8;2083;2512
2090;0;8;2083;2511
2091;0;8;2083;2510
2092;0;8;2083;2509
2093;0;8;2083;2508
2094;0;8;2083;2507
2095;0;8;2083;2506
2096;0;8;2083;2505
2097;0;8;2083;2504
2098;0;8;2083;2503
2099;0;8;2083;2434
2100;0;8;2083;2417
2101;0;8;2083;2433
2102;0;8;2117;2434
2103;0;8;2117;2503
2104;0;8;2117;2504
2105;0;8;2117;1065
2106;0;8;2117;1066
2107;0;8;2117;1069
2108;0;8;2117;1073
2109;0;8;2117;2514
2110;0;8;2117;2505
2111;0;8;2117;2515
2112;0;8;2117;2516
2113;0;8;2117;2517
2114;0;8;2117;2530
2115;0;8;2117;2531
2116;0;8;2117;2532
2117;0;8;2117;1067
2118;0;8;2117;2512
2119;0;8;2117;2513
2120;0;8;2118;2434
2121;0;8;2118;1072
2122;0;8;2118;1071
2123;0;8;2118;1073
2124;0;8;2118;2417
2125;0;8;2118;1074
2126;0;8;2118;1065
2127;0;8;2118;1066
2128;0;8;2118;1067
2129;0;8;2118;1069
2130;0;8;2119;2434
2131;0;8;2119;2514
2132;0;8;2119;2515
2133;0;8;2119;2516
2134;0;8;2119;2517
2135;0;8;2119;2530
2136;0;8;2119;2531
2137;0;8;2119;2532
2138;0;8;2119;1073
2139;0;8;2119;2503
2140;0;8;2119;2504
2141;0;8;2119;2505
2142;0;8;2119;1069
2143;0;8;2119;1067
2144;0;8;2119;1066
2145;0;8;2119;1065
2146;0;8;2119;2513
2147;0;8;2119;2512
2148;0;8;2120;2530
2149;0;8;2120;2531
2150;0;8;2120;2532
2151;0;8;2120;1067
2152;0;8;2120;1069
2153;0;8;2120;2505
2154;0;8;2120;1073
2155;0;8;2120;2512
2156;0;8;2120;2514
2157;0;8;2120;1065
2158;0;8;2120;1066
2159;0;8;2120;2434
2160;0;8;2120;2503
2161;0;8;2120;2504
2162;0;8;2120;2513
2163;0;8;2120;2515
2164;0;8;2120;2516
2165;0;8;2120;2517
2166;0;8;2123;2514
2167;0;8;2123;1066
2168;0;8;2123;1065
2169;0;8;2123;2505
2170;0;8;2123;1069
2171;0;8;2123;1067
2172;0;8;2123;1074
2173;0;8;2123;2434
2174;0;8;2123;1073
2175;0;8;2123;2532
2176;0;8;2123;2503
2177;0;8;2123;2504
2178;0;8;2123;2531
2179;0;8;2123;2530
2180;0;8;2123;2517
2181;0;8;2123;2516
2182;0;8;2123;2515
2183;0;8;2123;2513
2184;0;8;2123;2512
2185;0;8;2124;1067
2186;0;8;2124;2530
2187;0;8;2124;2503
2188;0;8;2124;2531
2189;0;8;2124;2504
2190;0;8;2124;1066
2191;0;8;2124;2517
2192;0;8;2124;2505
2193;0;8;2124;2512
2194;0;8;2124;2513
2195;0;8;2124;2514
2196;0;8;2124;2515
2197;0;8;2124;2516
2198;0;8;2124;1069
2199;0;8;2124;1065
2200;0;8;2124;2532
2201;0;8;2124;1073
2202;0;8;2124;2434
2203;0;8;2125;1067
2204;0;8;2125;2434
2205;0;8;2125;1065
2206;0;8;2125;1066
2207;0;8;2125;1069
2208;0;8;2125;1073
2209;0;8;2125;2304
2210;0;8;2125;2303
2211;0;8;2127;2304
2212;0;8;2127;2303
2213;0;8;2127;2434
2214;0;8;2127;1067
2215;0;8;2127;1069
2216;0;8;2127;1073
2217;0;8;2127;1065
2218;0;8;2127;1066
2219;0;8;2128;1067
2220;0;8;2128;1065
2221;0;8;2128;1066
2222;0;8;2128;1069
2223;0;8;2128;1073
2224;0;8;2128;2303
2225;0;8;2128;2304
2226;0;8;2128;2434
2227;0;8;2131;1073
2228;0;8;2131;1069
2229;0;8;2131;2303
2230;0;8;2131;2304
2231;0;8;2131;1065
2232;0;8;2131;1066
2233;0;8;2131;2434
2234;0;8;2131;1067
2235;0;8;2132;2304
2236;0;8;2132;1069
2237;0;8;2132;1065
2238;0;8;2132;1067
2239;0;8;2132;1073
2240;0;8;2132;1066
2241;0;8;2132;2303
2242;0;8;2132;2434
2243;0;8;2133;1073
2244;0;8;2133;2303
2245;0;8;2133;2304
2246;0;8;2133;2434
2247;0;8;2133;1074
2248;0;8;2133;1069
2249;0;8;2133;1067
2250;0;8;2133;1066
2251;0;8;2133;1065
2252;0;8;2134;1065
2253;0;8;2134;2434
2254;0;8;2134;2303
2255;0;8;2134;2304
2256;0;8;2134;1073
2257;0;8;2134;1069
2258;0;8;2134;1067
2259;0;8;2134;1066
2260;0;8;2134;1074
2261;0;8;2135;1073
2262;0;8;2135;2304
2263;0;8;2135;1067
2264;0;8;2135;2303
2265;0;8;2135;2434
2266;0;8;2135;1066
2267;0;8;2135;1065
2268;0;8;2135;1069
2269;0;8;2135;1074
2270;0;8;2136;1074
2271;0;8;2136;1073
2272;0;8;2136;1069
2273;0;8;2136;2434
2274;0;8;2136;2303
2275;0;8;2136;2304
2276;0;8;2136;1067
2277;0;8;2136;1066
2278;0;8;2136;1065
2279;0;8;2137;1065
2280;0;8;2137;1066
2281;0;8;2137;1067
2282;0;8;2137;2434
2283;0;8;2137;1069
2284;0;8;2137;1073
2285;0;8;2137;2303
2286;0;8;2137;2304
2287;0;8;2138;1065
2288;0;8;2138;1067
2289;0;8;2138;1069
2290;0;8;2138;1073
2291;0;8;2138;2303
2292;0;8;2138;2304
2293;0;8;2138;2434
2294;0;8;2138;1066
2295;0;8;2139;1073
2296;0;8;2139;2303
2297;0;8;2139;2304
2298;0;8;2139;2434
2299;0;8;2139;1069
2300;0;8;2139;1067
2301;0;8;2139;1066
2302;0;8;2139;1065
2303;0;8;2140;2434
2304;0;8;2140;1066
2305;0;8;2140;2303
2306;0;8;2140;2304
2307;0;8;2140;1065
2308;0;8;2140;1067
2309;0;8;2140;1069
2310;0;8;2140;1073
2311;0;8;2141;1073
2312;0;8;2141;1067
2313;0;8;2141;2434
2314;0;8;2141;2304
2315;0;8;2141;1069
2316;0;8;2141;1066
2317;0;8;2141;2303
2318;0;8;2141;1065
2319;0;8;2142;2434
2320;0;8;2142;1066
2321;0;8;2142;1065
2322;0;8;2142;2304
2323;0;8;2142;1073
2324;0;8;2142;1069
2325;0;8;2142;1067
2326;0;8;2142;2303
2327;0;8;2143;1065
2328;0;8;2143;1067
2329;0;8;2143;1069
2330;0;8;2143;1073
2331;0;8;2143;2303
2332;0;8;2143;2304
2333;0;8;2143;2434
2334;0;8;2143;1066
2335;0;8;2144;2304
2336;0;8;2144;2303
2337;0;8;2144;1073
2338;0;8;2144;1069
2339;0;8;2144;1067
2340;0;8;2144;1066
2341;0;8;2144;1065
2342;0;8;2144;2434
2343;0;8;2145;1065
2344;0;8;2145;1074
2345;0;8;2145;1073
2346;0;8;2145;1069
2347;0;8;2145;1067
2348;0;8;2145;1066
2349;0;8;2145;2303
2350;0;8;2145;2304
2351;0;8;2145;2434
2352;0;8;2146;2434
2353;0;8;2146;1065
2354;0;8;2146;2304
2355;0;8;2146;2303
2356;0;8;2146;1067
2357;0;8;2146;1066
2358;0;8;2146;1074
2359;0;8;2146;1073
2360;0;8;2146;1069
2361;0;8;2147;2303
2362;0;8;2147;2434
2363;0;8;2147;1074
2364;0;8;2147;1073
2365;0;8;2147;1069
2366;0;8;2147;1067
2367;0;8;2147;1066
2368;0;8;2147;1065
2369;0;8;2147;2304
2370;0;8;2148;1067
2371;0;8;2148;1069
2372;0;8;2148;1073
2373;0;8;2148;1066
2374;0;8;2148;1065
2375;0;8;2148;2434
2376;0;8;2148;2303
2377;0;8;2148;2304
2378;0;8;2148;1074
2379;0;8;2149;2304
2380;0;8;2149;1065
2381;0;8;2149;1066
2382;0;8;2149;1067
2383;0;8;2149;1069
2384;0;8;2149;1075
2385;0;8;2149;1073
2386;0;8;2149;1074
2387;0;8;2149;2303
2388;0;8;2149;2434
2389;0;8;2150;1073
2390;0;8;2150;1074
2391;0;8;2150;2434
2392;0;8;2150;1065
2393;0;8;2150;2303
2394;0;8;2150;2304
2395;0;8;2150;1066
2396;0;8;2150;1067
2397;0;8;2151;1067
2398;0;8;2151;1073
2399;0;8;2151;1074
2400;0;8;2151;2304
2401;0;8;2151;2303
2402;0;8;2151;2434
2403;0;8;2151;1065
2404;0;8;2151;1066
2405;0;8;2152;2304
2406;0;8;2152;2434
2407;0;8;2152;1065
2408;0;8;2152;1067
2409;0;8;2152;1069
2410;0;8;2152;1072
2411;0;8;2152;2303
2412;0;8;2153;2304
2413;0;8;2153;2434
2414;0;8;2153;1082
2415;0;8;2153;1080
2416;0;8;2153;1079
2417;0;8;2153;2303
2418;0;8;2154;1076
2419;0;8;2154;1092
2420;0;8;2154;1078
2421;0;8;2154;1077
2422;0;8;2154;2434
2423;0;8;2154;1090
2424;0;8;2154;1089
2425;0;8;2154;1088
2426;0;8;2155;1077
2427;0;8;2155;1076
2428;0;8;2155;2434
2429;0;8;2155;1088
2430;0;8;2155;1089
2431;0;8;2155;1090
2432;0;8;2155;1092
2433;0;8;2155;1078
2434;0;8;2156;1065
2435;0;8;2156;2434
2436;0;8;2156;1066
2437;0;8;2156;1067
2438;0;8;2156;1069
2439;0;8;2156;1075
2440;0;8;2156;1073
2441;0;8;2156;1074
2442;0;8;2156;2303
2451;0;9;2080;2524
2452;0;9;2080;2512
2453;0;9;2080;2530
2454;0;9;2080;2531
2455;0;9;2080;2532
2456;0;9;2080;1073
2457;0;9;2080;1071
2458;12;9;2080;1070
2459;18;9;2080;1069
2460;18;9;2080;1067
2461;0;9;2080;2433
2462;20;9;2080;1066
2463;20;9;2080;1065
2464;0;9;2080;2434
2465;0;9;2080;2503
2466;0;9;2080;2504
2467;0;9;2080;2505
2468;3;9;2080;2506
2469;12;9;2080;2507
2470;12;9;2080;2508
2471;0;9;2080;2509
2472;0;9;2080;2510
2473;0;9;2080;2417
2474;0;9;2080;2513
2475;0;9;2080;2514
2476;0;9;2080;2515
2477;0;9;2080;2516
2478;0;9;2080;2517
2479;0;9;2080;2511
2480;0;9;2080;2525
2481;0;9;2080;2526
2482;0;9;2080;2527
2483;0;9;2080;2528
2484;0;9;2081;2433
2485;0;9;2081;2303
2486;0;9;2081;2417
2487;0;9;2081;2304
2488;0;9;2081;2503
2489;0;9;2081;2504
2490;0;9;2081;2505
2491;0;9;2081;2524
2492;0;9;2081;2525
2493;0;9;2081;2526
2494;0;9;2081;2531
2495;0;9;2081;1091
2496;20;9;2081;1067
2497;25;9;2081;1065
2498;0;9;2081;2434
2499;0;9;2081;2527
2500;0;9;2081;2529
2501;0;9;2081;2528
2502;0;9;2081;2530
2503;0;9;2081;2532
2504;0;9;2082;2524
2505;0;9;2082;2526
2506;0;9;2082;2527
2507;0;9;2082;2528
2508;0;9;2082;2529
2509;0;9;2082;2530
2510;0;9;2082;2531
2511;0;9;2082;2532
2512;18;9;2082;1069
2513;12;9;2082;1070
2514;0;9;2082;1071
2515;0;9;2082;1073
2516;0;9;2082;2511
2517;0;9;2082;2510
2518;30;9;2082;1065
2519;30;9;2082;1066
2520;22;9;2082;1067
2521;0;9;2082;2433
2522;0;9;2082;2434
2523;0;9;2082;2417
2524;0;9;2082;2503
2525;0;9;2082;2504
2526;0;9;2082;2505
2527;0;9;2082;2506
2528;0;9;2082;2507
2529;0;9;2082;2508
2530;0;9;2082;2509
2531;0;9;2082;2512
2532;0;9;2082;2513
2533;0;9;2082;2514
2534;0;9;2082;2525
2535;0;9;2083;2516
2536;30;9;2083;1065
2537;30;9;2083;1066
2538;22;9;2083;1067
2539;18;9;2083;1069
2540;12;9;2083;1070
2541;0;9;2083;1071
2542;18;9;2083;1073
2543;0;9;2083;2532
2544;0;9;2083;2531
2545;0;9;2083;2530
2546;0;9;2083;2529
2547;0;9;2083;2528
2548;0;9;2083;2527
2549;0;9;2083;2526
2550;0;9;2083;2525
2551;0;9;2083;2524
2552;0;9;2083;2518
2553;0;9;2083;2520
2554;0;9;2083;2519
2555;0;9;2083;2517
2556;0;9;2083;2515
2557;0;9;2083;2514
2558;0;9;2083;2513
2559;0;9;2083;2512
2560;0;9;2083;2511
2561;0;9;2083;2510
2562;0;9;2083;2509
2563;0;9;2083;2508
2564;0;9;2083;2507
2565;0;9;2083;2506
2566;0;9;2083;2505
2567;0;9;2083;2504
2568;0;9;2083;2503
2569;0;9;2083;2434
2570;0;9;2083;2417
2571;0;9;2083;2433
2572;0;9;2117;2434
2573;0;9;2117;2503
2574;0;9;2117;2504
2575;30;9;2117;1065
2576;30;9;2117;1066
2577;18;9;2117;1069
2578;2;9;2117;1073
2579;0;9;2117;2514
2580;0;9;2117;2505
2581;0;9;2117;2515
2582;0;9;2117;2516
2583;0;9;2117;2517
2584;0;9;2117;2530
2585;0;9;2117;2531
2586;0;9;2117;2532
2587;22;9;2117;1067
2588;0;9;2117;2512
2589;0;9;2117;2513
2590;0;9;2118;2434
2591;15;9;2118;1072
2592;0;9;2118;1071
2593;0;9;2118;1073
2594;0;9;2118;2417
2595;0;9;2118;1074
2596;25;9;2118;1065
2597;25;9;2118;1066
2598;20;9;2118;1067
2599;18;9;2118;1069
2600;0;9;2119;2434
2601;0;9;2119;2514
2602;0;9;2119;2515
2603;0;9;2119;2516
2604;0;9;2119;2517
2605;0;9;2119;2530
2606;0;9;2119;2531
2607;0;9;2119;2532
2608;0;9;2119;1073
2609;0;9;2119;2503
2610;0;9;2119;2504
2611;0;9;2119;2505
2612;18;9;2119;1069
2613;18;9;2119;1067
2614;20;9;2119;1066
2615;20;9;2119;1065
2616;0;9;2119;2513
2617;0;9;2119;2512
2618;0;9;2120;2530
2619;0;9;2120;2531
2620;0;9;2120;2532
2621;18;9;2120;1067
2622;18;9;2120;1069
2623;0;9;2120;2505
2624;0;9;2120;1073
2625;0;9;2120;2512
2626;0;9;2120;2514
2627;20;9;2120;1065
2628;20;9;2120;1066
2629;0;9;2120;2434
2630;0;9;2120;2503
2631;0;9;2120;2504
2632;0;9;2120;2513
2633;0;9;2120;2515
2634;0;9;2120;2516
2635;0;9;2120;2517
2636;0;9;2123;2514
2637;30;9;2123;1066
2638;30;9;2123;1065
2639;0;9;2123;2505
2640;18;9;2123;1069
2641;22;9;2123;1067
2642;0;9;2123;1074
2643;0;9;2123;2434
2644;0;9;2123;1073
2645;0;9;2123;2532
2646;0;9;2123;2503
2647;0;9;2123;2504
2648;0;9;2123;2531
2649;0;9;2123;2530
2650;0;9;2123;2517
2651;0;9;2123;2516
2652;0;9;2123;2515
2653;0;9;2123;2513
2654;0;9;2123;2512
2655;18;9;2124;1067
2656;0;9;2124;2530
2657;0;9;2124;2503
2658;0;9;2124;2531
2659;0;9;2124;2504
2660;20;9;2124;1066
2661;0;9;2124;2517
2662;0;9;2124;2505
2663;0;9;2124;2512
2664;0;9;2124;2513
2665;0;9;2124;2514
2666;0;9;2124;2515
2667;0;9;2124;2516
2668;18;9;2124;1069
2669;20;9;2124;1065
2670;0;9;2124;2532
2671;0;9;2124;1073
2672;0;9;2124;2434
2673;22;9;2125;1067
2674;0;9;2125;2434
2675;30;9;2125;1065
2676;30;9;2125;1066
2677;18;9;2125;1069
2678;0;9;2125;1073
2679;0;9;2125;2304
2680;0;9;2125;2303
2681;0;9;2127;2304
2682;0;9;2127;2303
2683;0;9;2127;2434
2684;18;9;2127;1067
2685;18;9;2127;1069
2686;0;9;2127;1073
2687;20;9;2127;1065
2688;20;9;2127;1066
2689;22;9;2128;1067
2690;30;9;2128;1065
2691;30;9;2128;1066
2692;18;9;2128;1069
2693;0;9;2128;1073
2694;0;9;2128;2303
2695;0;9;2128;2304
2696;0;9;2128;2434
2697;0;9;2131;1073
2698;18;9;2131;1069
2699;0;9;2131;2303
2700;0;9;2131;2304
2701;20;9;2131;1065
2702;20;9;2131;1066
2703;0;9;2131;2434
2704;18;9;2131;1067
2705;0;9;2132;2304
2706;18;9;2132;1069
2707;30;9;2132;1065
2708;22;9;2132;1067
2709;0;9;2132;1073
2710;30;9;2132;1066
2711;0;9;2132;2303
2712;0;9;2132;2434
2713;0;9;2133;1073
2714;0;9;2133;2303
2715;0;9;2133;2304
2716;0;9;2133;2434
2717;0;9;2133;1074
2718;18;9;2133;1069
2719;20;9;2133;1067
2720;25;9;2133;1066
2721;25;9;2133;1065
2722;30;9;2134;1065
2723;0;9;2134;2434
2724;0;9;2134;2303
2725;0;9;2134;2304
2726;0;9;2134;1073
2727;18;9;2134;1069
2728;24;9;2134;1067
2729;35;9;2134;1066
2730;0;9;2134;1074
2731;0;9;2135;1073
2732;0;9;2135;2304
2733;20;9;2135;1067
2734;0;9;2135;2303
2735;0;9;2135;2434
2736;25;9;2135;1066
2737;25;9;2135;1065
2738;18;9;2135;1069
2739;0;9;2135;1074
2740;0;9;2136;1074
2741;0;9;2136;1073
2742;18;9;2136;1069
2743;0;9;2136;2434
2744;0;9;2136;2303
2745;0;9;2136;2304
2746;24;9;2136;1067
2747;35;9;2136;1066
2748;30;9;2136;1065
2749;25;9;2137;1065
2750;25;9;2137;1066
2751;20;9;2137;1067
2752;0;9;2137;2434
2753;18;9;2137;1069
2754;0;9;2137;1073
2755;0;9;2137;2303
2756;0;9;2137;2304
2757;35;9;2138;1065
2758;24;9;2138;1067
2759;18;9;2138;1069
2760;0;9;2138;1073
2761;0;9;2138;2303
2762;0;9;2138;2304
2763;0;9;2138;2434
2764;30;9;2138;1066
2765;0;9;2139;1073
2766;0;9;2139;2303
2767;0;9;2139;2304
2768;0;9;2139;2434
2769;18;9;2139;1069
2770;20;9;2139;1067
2771;25;9;2139;1066
2772;25;9;2139;1065
2773;0;9;2140;2434
2774;30;9;2140;1066
2775;0;9;2140;2303
2776;0;9;2140;2304
2777;30;9;2140;1065
2778;24;9;2140;1067
2779;18;9;2140;1069
2780;0;9;2140;1073
2781;0;9;2141;1073
2782;20;9;2141;1067
2783;0;9;2141;2434
2784;0;9;2141;2304
2785;18;9;2141;1069
2786;25;9;2141;1066
2787;0;9;2141;2303
2788;25;9;2141;1065
2789;0;9;2142;2434
2790;30;9;2142;1066
2791;30;9;2142;1065
2792;0;9;2142;2304
2793;0;9;2142;1073
2794;18;9;2142;1069
2795;24;9;2142;1067
2796;0;9;2142;2303
2797;25;9;2143;1065
2798;20;9;2143;1067
2799;18;9;2143;1069
2800;0;9;2143;1073
2801;0;9;2143;2303
2802;0;9;2143;2304
2803;0;9;2143;2434
2804;25;9;2143;1066
2805;0;9;2144;2304
2806;0;9;2144;2303
2807;0;9;2144;1073
2808;18;9;2144;1069
2809;24;9;2144;1067
2810;30;9;2144;1066
2811;30;9;2144;1065
2812;0;9;2144;2434
2813;25;9;2145;1065
2814;0;9;2145;1074
2815;0;9;2145;1073
2816;18;9;2145;1069
2817;20;9;2145;1067
2818;25;9;2145;1066
2819;0;9;2145;2303
2820;0;9;2145;2304
2821;0;9;2145;2434
2822;0;9;2146;2434
2823;0;9;2146;1065
2824;0;9;2146;2304
2825;0;9;2146;2303
2826;20;9;2146;1067
2827;25;9;2146;1066
2828;0;9;2146;1074
2829;0;9;2146;1073
2830;18;9;2146;1069
2831;0;9;2147;2303
2832;0;9;2147;2434
2833;0;9;2147;1074
2834;0;9;2147;1073
2835;18;9;2147;1069
2836;20;9;2147;1067
2837;25;9;2147;1066
2838;25;9;2147;1065
2839;0;9;2147;2304
2840;20;9;2148;1067
2841;18;9;2148;1069
2842;0;9;2148;1073
2843;25;9;2148;1066
2844;25;9;2148;1065
2845;0;9;2148;2434
2846;0;9;2148;2303
2847;0;9;2148;2304
2848;0;9;2148;1074
2849;0;9;2149;2304
2850;20;9;2149;1065
2851;20;9;2149;1066
2852;18;9;2149;1067
2853;18;9;2149;1069
2854;0;9;2149;1075
2855;0;9;2149;1073
2856;0;9;2149;1074
2857;0;9;2149;2303
2858;0;9;2149;2434
2859;0;9;2150;1073
2860;0;9;2150;1074
2861;0;9;2150;2434
2862;20;9;2150;1065
2863;0;9;2150;2303
2864;0;9;2150;2304
2865;20;9;2150;1066
2866;18;9;2150;1067
2867;18;9;2151;1067
2868;0;9;2151;1073
2869;0;9;2151;1074
2870;0;9;2151;2304
2871;0;9;2151;2303
2872;0;9;2151;2434
2873;20;9;2151;1065
2874;20;9;2151;1066
2875;0;9;2152;2304
2876;0;9;2152;2434
2877;20;9;2152;1065
2878;18;9;2152;1067
2879;18;9;2152;1069
2880;15;9;2152;1072
2881;0;9;2152;2303
2882;0;9;2153;2304
2883;0;9;2153;2434
2884;15;9;2153;1082
2885;15;9;2153;1080
2886;15;9;2153;1079
2887;0;9;2153;2303
2888;0;9;2154;1076
2889;0;9;2154;1092
2890;0;9;2154;1078
2891;0;9;2154;1077
2892;0;9;2154;2434
2893;0;9;2154;1090
2894;0;9;2154;1089
2895;0;9;2154;1088
2896;0;9;2155;1077
2897;0;9;2155;1076
2898;0;9;2155;2434
2899;0;9;2155;1088
2900;0;9;2155;1089
2901;0;9;2155;1090
2902;0;9;2155;1092
2903;0;9;2155;1078
2904;20;9;2156;1065
2905;0;9;2156;2434
2906;20;9;2156;1066
2907;18;9;2156;1067
2908;18;9;2156;1069
2909;0;9;2156;1075
2910;0;9;2156;1073
2911;0;9;2156;1074
2912;0;9;2156;2303
2921;0;10;2080;2524
2922;0;10;2080;2512
2923;0;10;2080;2530
2924;0;10;2080;2531
2925;0;10;2080;2532
2926;0;10;2080;1073
2927;0;10;2080;1071
2928;0;10;2080;1070
2929;0;10;2080;1069
2930;0;10;2080;1067
2931;0;10;2080;2433
2932;0;10;2080;1066
2933;0;10;2080;1065
2934;0;10;2080;2434
2935;0;10;2080;2503
2936;0;10;2080;2504
2937;0;10;2080;2505
2938;0;10;2080;2506
2939;0;10;2080;2507
2940;0;10;2080;2508
2941;0;10;2080;2509
2942;0;10;2080;2510
2943;0;10;2080;2417
2944;0;10;2080;2513
2945;0;10;2080;2514
2946;0;10;2080;2515
2947;0;10;2080;2516
2948;0;10;2080;2517
2949;0;10;2080;2511
2950;0;10;2080;2525
2951;0;10;2080;2526
2952;0;10;2080;2527
2953;0;10;2080;2528
2954;0;10;2081;2433
2955;0;10;2081;2303
2956;0;10;2081;2417
2957;0;10;2081;2304
2958;0;10;2081;2503
2959;0;10;2081;2504
2960;0;10;2081;2505
2961;0;10;2081;2524
2962;0;10;2081;2525
2963;0;10;2081;2526
2964;0;10;2081;2531
2965;0;10;2081;1091
2966;0;10;2081;1067
2967;0;10;2081;1065
2968;0;10;2081;2434
2969;0;10;2081;2527
2970;0;10;2081;2529
2971;0;10;2081;2528
2972;0;10;2081;2530
2973;0;10;2081;2532
2974;0;10;2082;2524
2975;0;10;2082;2526
2976;0;10;2082;2527
2977;0;10;2082;2528
2978;0;10;2082;2529
2979;0;10;2082;2530
2980;0;10;2082;2531
2981;0;10;2082;2532
2982;0;10;2082;1069
2983;0;10;2082;1070
2984;0;10;2082;1071
2985;0;10;2082;1073
2986;0;10;2082;2511
2987;0;10;2082;2510
2988;0;10;2082;1065
2989;0;10;2082;1066
2990;0;10;2082;1067
2991;0;10;2082;2433
2992;0;10;2082;2434
2993;0;10;2082;2417
2994;0;10;2082;2503
2995;0;10;2082;2504
2996;0;10;2082;2505
2997;0;10;2082;2506
2998;0;10;2082;2507
2999;0;10;2082;2508
3000;0;10;2082;2509
3001;0;10;2082;2512
3002;0;10;2082;2513
3003;0;10;2082;2514
3004;0;10;2082;2525
3005;0;10;2083;2516
3006;0;10;2083;1065
3007;0;10;2083;1066
3008;0;10;2083;1067
3009;0;10;2083;1069
3010;0;10;2083;1070
3011;0;10;2083;1071
3012;0;10;2083;1073
3013;0;10;2083;2532
3014;0;10;2083;2531
3015;0;10;2083;2530
3016;0;10;2083;2529
3017;0;10;2083;2528
3018;0;10;2083;2527
3019;0;10;2083;2526
3020;0;10;2083;2525
3021;0;10;2083;2524
3022;0;10;2083;2518
3023;0;10;2083;2520
3024;0;10;2083;2519
3025;0;10;2083;2517
3026;0;10;2083;2515
3027;0;10;2083;2514
3028;0;10;2083;2513
3029;0;10;2083;2512
3030;0;10;2083;2511
3031;0;10;2083;2510
3032;0;10;2083;2509
3033;0;10;2083;2508
3034;0;10;2083;2507
3035;0;10;2083;2506
3036;0;10;2083;2505
3037;0;10;2083;2504
3038;0;10;2083;2503
3039;0;10;2083;2434
3040;0;10;2083;2417
3041;0;10;2083;2433
3042;0;10;2117;2434
3043;0;10;2117;2503
3044;0;10;2117;2504
3045;0;10;2117;1065
3046;0;10;2117;1066
3047;0;10;2117;1069
3048;0;10;2117;1073
3049;0;10;2117;2514
3050;0;10;2117;2505
3051;0;10;2117;2515
3052;0;10;2117;2516
3053;0;10;2117;2517
3054;0;10;2117;2530
3055;0;10;2117;2531
3056;0;10;2117;2532
3057;0;10;2117;1067
3058;0;10;2117;2512
3059;0;10;2117;2513
3060;0;10;2118;2434
3061;0;10;2118;1072
3062;0;10;2118;1071
3063;0;10;2118;1073
3064;0;10;2118;2417
3065;0;10;2118;1074
3066;0;10;2118;1065
3067;0;10;2118;1066
3068;0;10;2118;1067
3069;0;10;2118;1069
3070;0;10;2119;2434
3071;0;10;2119;2514
3072;0;10;2119;2515
3073;0;10;2119;2516
3074;0;10;2119;2517
3075;0;10;2119;2530
3076;0;10;2119;2531
3077;0;10;2119;2532
3078;0;10;2119;1073
3079;0;10;2119;2503
3080;0;10;2119;2504
3081;0;10;2119;2505
3082;0;10;2119;1069
3083;0;10;2119;1067
3084;0;10;2119;1066
3085;0;10;2119;1065
3086;0;10;2119;2513
3087;0;10;2119;2512
3088;0;10;2120;2530
3089;0;10;2120;2531
3090;0;10;2120;2532
3091;0;10;2120;1067
3092;0;10;2120;1069
3093;0;10;2120;2505
3094;0;10;2120;1073
3095;0;10;2120;2512
3096;0;10;2120;2514
3097;0;10;2120;1065
3098;0;10;2120;1066
3099;0;10;2120;2434
3100;0;10;2120;2503
3101;0;10;2120;2504
3102;0;10;2120;2513
3103;0;10;2120;2515
3104;0;10;2120;2516
3105;0;10;2120;2517
3106;0;10;2123;2514
3107;0;10;2123;1066
3108;0;10;2123;1065
3109;0;10;2123;2505
3110;0;10;2123;1069
3111;0;10;2123;1067
3112;0;10;2123;1074
3113;0;10;2123;2434
3114;0;10;2123;1073
3115;0;10;2123;2532
3116;0;10;2123;2503
3117;0;10;2123;2504
3118;0;10;2123;2531
3119;0;10;2123;2530
3120;0;10;2123;2517
3121;0;10;2123;2516
3122;0;10;2123;2515
3123;0;10;2123;2513
3124;0;10;2123;2512
3125;0;10;2124;1067
3126;0;10;2124;2530
3127;0;10;2124;2503
3128;0;10;2124;2531
3129;0;10;2124;2504
3130;0;10;2124;1066
3131;0;10;2124;2517
3132;0;10;2124;2505
3133;0;10;2124;2512
3134;0;10;2124;2513
3135;0;10;2124;2514
3136;0;10;2124;2515
3137;0;10;2124;2516
3138;0;10;2124;1069
3139;0;10;2124;1065
3140;0;10;2124;2532
3141;0;10;2124;1073
3142;0;10;2124;2434
3143;0;10;2125;1067
3144;0;10;2125;2434
3145;0;10;2125;1065
3146;0;10;2125;1066
3147;0;10;2125;1069
3148;0;10;2125;1073
3149;0;10;2125;2304
3150;0;10;2125;2303
3151;0;10;2127;2304
3152;0;10;2127;2303
3153;0;10;2127;2434
3154;0;10;2127;1067
3155;0;10;2127;1069
3156;0;10;2127;1073
3157;0;10;2127;1065
3158;0;10;2127;1066
3159;0;10;2128;1067
3160;0;10;2128;1065
3161;0;10;2128;1066
3162;0;10;2128;1069
3163;0;10;2128;1073
3164;0;10;2128;2303
3165;0;10;2128;2304
3166;0;10;2128;2434
3167;0;10;2131;1073
3168;0;10;2131;1069
3169;0;10;2131;2303
3170;0;10;2131;2304
3171;0;10;2131;1065
3172;0;10;2131;1066
3173;0;10;2131;2434
3174;0;10;2131;1067
3175;0;10;2132;2304
3176;0;10;2132;1069
3177;0;10;2132;1065
3178;0;10;2132;1067
3179;0;10;2132;1073
3180;0;10;2132;1066
3181;0;10;2132;2303
3182;0;10;2132;2434
3183;0;10;2133;1073
3184;0;10;2133;2303
3185;0;10;2133;2304
3186;0;10;2133;2434
3187;0;10;2133;1074
3188;0;10;2133;1069
3189;0;10;2133;1067
3190;0;10;2133;1066
3191;0;10;2133;1065
3192;0;10;2134;1065
3193;0;10;2134;2434
3194;0;10;2134;2303
3195;0;10;2134;2304
3196;0;10;2134;1073
3197;0;10;2134;1069
3198;0;10;2134;1067
3199;0;10;2134;1066
3200;0;10;2134;1074
3201;0;10;2135;1073
3202;0;10;2135;2304
3203;0;10;2135;1067
3204;0;10;2135;2303
3205;0;10;2135;2434
3206;0;10;2135;1066
3207;0;10;2135;1065
3208;0;10;2135;1069
3209;0;10;2135;1074
3210;0;10;2136;1074
3211;0;10;2136;1073
3212;0;10;2136;1069
3213;0;10;2136;2434
3214;0;10;2136;2303
3215;0;10;2136;2304
3216;0;10;2136;1067
3217;0;10;2136;1066
3218;0;10;2136;1065
3219;0;10;2137;1065
3220;0;10;2137;1066
3221;0;10;2137;1067
3222;0;10;2137;2434
3223;0;10;2137;1069
3224;0;10;2137;1073
3225;0;10;2137;2303
3226;0;10;2137;2304
3227;0;10;2138;1065
3228;0;10;2138;1067
3229;0;10;2138;1069
3230;0;10;2138;1073
3231;0;10;2138;2303
3232;0;10;2138;2304
3233;0;10;2138;2434
3234;0;10;2138;1066
3235;0;10;2139;1073
3236;0;10;2139;2303
3237;0;10;2139;2304
3238;0;10;2139;2434
3239;0;10;2139;1069
3240;0;10;2139;1067
3241;0;10;2139;1066
3242;0;10;2139;1065
3243;0;10;2140;2434
3244;0;10;2140;1066
3245;0;10;2140;2303
3246;0;10;2140;2304
3247;0;10;2140;1065
3248;0;10;2140;1067
3249;0;10;2140;1069
3250;0;10;2140;1073
3251;0;10;2141;1073
3252;0;10;2141;1067
3253;0;10;2141;2434
3254;0;10;2141;2304
3255;0;10;2141;1069
3256;0;10;2141;1066
3257;0;10;2141;2303
3258;0;10;2141;1065
3259;0;10;2142;2434
3260;0;10;2142;1066
3261;0;10;2142;1065
3262;0;10;2142;2304
3263;0;10;2142;1073
3264;0;10;2142;1069
3265;0;10;2142;1067
3266;0;10;2142;2303
3267;0;10;2143;1065
3268;0;10;2143;1067
3269;0;10;2143;1069
3270;0;10;2143;1073
3271;0;10;2143;2303
3272;0;10;2143;2304
3273;0;10;2143;2434
3274;0;10;2143;1066
3275;0;10;2144;2304
3276;0;10;2144;2303
3277;0;10;2144;1073
3278;0;10;2144;1069
3279;0;10;2144;1067
3280;0;10;2144;1066
3281;0;10;2144;1065
3282;0;10;2144;2434
3283;0;10;2145;1065
3284;0;10;2145;1074
3285;0;10;2145;1073
3286;0;10;2145;1069
3287;0;10;2145;1067
3288;0;10;2145;1066
3289;0;10;2145;2303
3290;0;10;2145;2304
3291;0;10;2145;2434
3292;0;10;2146;2434
3293;0;10;2146;1065
3294;0;10;2146;2304
3295;0;10;2146;2303
3296;0;10;2146;1067
3297;0;10;2146;1066
3298;0;10;2146;1074
3299;0;10;2146;1073
3300;0;10;2146;1069
3301;0;10;2147;2303
3302;0;10;2147;2434
3303;0;10;2147;1074
3304;0;10;2147;1073
3305;0;10;2147;1069
3306;0;10;2147;1067
3307;0;10;2147;1066
3308;0;10;2147;1065
3309;0;10;2147;2304
3310;0;10;2148;1067
3311;0;10;2148;1069
3312;0;10;2148;1073
3313;0;10;2148;1066
3314;0;10;2148;1065
3315;0;10;2148;2434
3316;0;10;2148;2303
3317;0;10;2148;2304
3318;0;10;2148;1074
3319;0;10;2149;2304
3320;0;10;2149;1065
3321;0;10;2149;1066
3322;0;10;2149;1067
3323;0;10;2149;1069
3324;0;10;2149;1075
3325;0;10;2149;1073
3326;0;10;2149;1074
3327;0;10;2149;2303
3328;0;10;2149;2434
3329;0;10;2150;1073
3330;0;10;2150;1074
3331;0;10;2150;2434
3332;0;10;2150;1065
3333;0;10;2150;2303
3334;0;10;2150;2304
3335;0;10;2150;1066
3336;0;10;2150;1067
3337;0;10;2151;1067
3338;0;10;2151;1073
3339;0;10;2151;1074
3340;0;10;2151;2304
3341;0;10;2151;2303
3342;0;10;2151;2434
3343;0;10;2151;1065
3344;0;10;2151;1066
3345;0;10;2152;2304
3346;0;10;2152;2434
3347;0;10;2152;1065
3348;0;10;2152;1067
3349;0;10;2152;1069
3350;0;10;2152;1072
3351;0;10;2152;2303
3352;0;10;2153;2304
3353;0;10;2153;2434
3354;0;10;2153;1082
3355;0;10;2153;1080
3356;0;10;2153;1079
3357;0;10;2153;2303
3358;0;10;2154;1076
3359;0;10;2154;1092
3360;0;10;2154;1078
3361;0;10;2154;1077
3362;0;10;2154;2434
3363;0;10;2154;1090
3364;0;10;2154;1089
3365;0;10;2154;1088
3366;0;10;2155;1077
3367;0;10;2155;1076
3368;0;10;2155;2434
3369;0;10;2155;1088
3370;0;10;2155;1089
3371;0;10;2155;1090
3372;0;10;2155;1092
3373;0;10;2155;1078
3374;0;10;2156;1065
3375;0;10;2156;2434
3376;0;10;2156;1066
3377;0;10;2156;1067
3378;0;10;2156;1069
3379;0;10;2156;1075
3380;0;10;2156;1073
3381;0;10;2156;1074
3382;0;10;2156;2303
